iter	Logloss
0	0.6813443067
1	0.6735226548
2	0.6641187863
3	0.6567782998
4	0.6487277017
5	0.6399769563
